Primer,,,,,,,,,,,,,,,,,,GGCAGAACGGCGGANNCTTNNTCCGCATGGCAGG,,,,,Priority,AA,Codon,Anticodon,Primer Code,tRNA Lib primer,,,,,5' GFP,3'GFP,,,,,,,,,,,,
1,GGCAGAACGG,c,g,g,a,n,n,t,t,t,n,n,t,c,c,g,CATGGCAGG,GGGCAGAACGGCGGANN,NNTCCGCATGGCAGGGGTTCAAATCC  ,,,,1,Asn ,AAT,ATT,IU,GGGCAGAACGGCGGANNATTNNTCCGCATGGCAGGGGTTCAAATCC  ,,,,,GGAGAAGCACTGGACGCC,GGTCAGGGTGGTGAC,,,,,,,,,,,,
2,GGCAGAACGG,c,g,g,a,n,n,c,t,t,n,n,t,c,c,g,CATGGCAGG,GGGCAGAACGGCGGANN,NNTCCGCATGGCAGGGGTTCAAATCC  ,,,,2,Glu,GAG,CTC,IV,GGGCAGAACGGCGGANNCTCNNTCCGCATGGCAGGGGTTCAAATCC  ,,,,,GGAGAAGCACTGGACGCC,GGTCAGGGTGGTGAC,,,,,,,,,,,,
3,GGCAGAACGG,c,g,g,a,n,n,a,t,t,n,n,t,c,c,g,CATGGCAGG,GGGCAGAACGGCGGANN,NNTCCGCATGGCAGGGGTTCAAATCC  ,,,,3,Arg,CGA,TCG,IW,GGGCAGAACGGCGGANNTCGNNTCCGCATGGCAGGGGTTCAAATCC  ,,,,,GGAGAAGCACTGGACGCC,GGTCAGGGTGGTGAC,,,,,,,,,,,,
4,GGCAGAACGG,c,g,g,a,n,n,g,t,t,n,n,t,c,c,g,CATGGCAGG,GGGCAGAACGGCGGANN,NNTCCGCATGGCAGGGGTTCAAATCC  ,,,,4,Ser,TCT,AGA,IX,GGGCAGAACGGCGGANNAGANNTCCGCATGGCAGGGGTTCAAATCC  ,,,,,GGAGAAGCACTGGACGCC,GGTCAGGGTGGTGAC,,,,,,,,,,,,
5,GGCAGAACGG,c,g,g,a,n,n,g,t,g,n,n,t,c,c,g,CATGGCAGG,GGGCAGAACGGCGGANN,NNTCCGCATGGCAGGGGTTCAAATCC  ,,,,5,Cys,TGT,ACA,IY,GGGCAGAACGGCGGANNACANNTCCGCATGGCAGGGGTTCAAATCC  ,,,,,GGAGAAGCACTGGACGCC,GGTCAGGGTGGTGAC,,,,,,,,,,,,
6,GGCAGAACGG,c,g,g,a,n,n,t,c,t,n,n,t,c,c,g,CATGGCAGG,GGGCAGAACGGCGGANN,NNTCCGCATGGCAGGGGTTCAAATCC  ,,,,6,Pro,CCT,AGG,IZ,GGGCAGAACGGCGGANNAGGNNTCCGCATGGCAGGGGTTCAAATCC  ,,,,,GGAGAAGCACTGGACGCC,GGTCAGGGTGGTGAC,,,,,,,,,,,,
7,GGCAGAACGG,c,g,g,a,n,n,c,c,t,n,n,t,c,c,g,CATGGCAGG,GGGCAGAACGGCGGANN,NNTCCGCATGGCAGGGGTTCAAATCC  ,,,,,Arg,CGC,GCG,,GGGCAGAACGGCGGANNGCGNNTCCGCATGGCAGGGGTTCAAATCC  ,,,,,GGAGAAGCACTGGACGCC,GGTCAGGGTGGTGAC,,,,,,,,,,,,
8,GGCAGAACGG,c,g,g,a,n,n,a,c,t,n,n,t,c,c,g,CATGGCAGG,GGGCAGAACGGCGGANN,NNTCCGCATGGCAGGGGTTCAAATCC  ,,,,,Tyr,TAT,ATA,,GGGCAGAACGGCGGANNATANNTCCGCATGGCAGGGGTTCAAATCC  ,,,,,GGAGAAGCACTGGACGCC,GGTCAGGGTGGTGAC,,,,,,,,,,,,
9,GGCAGAACGG,c,g,g,a,n,n,g,c,t,n,n,t,c,c,g,CATGGCAGG,GGGCAGAACGGCGGANN,NNTCCGCATGGCAGGGGTTCAAATCC  ,,,,,Lys,AAG,CTT,,GGGCAGAACGGCGGANNCTTNNTCCGCATGGCAGGGGTTCAAATCC  ,,,,,GGAGAAGCACTGGACGCC,GGTCAGGGTGGTGAC,,,,,,,,,,,,
10,GGCAGAACGG,c,g,g,a,n,n,g,c,g,n,n,t,c,c,g,CATGGCAGG,GGGCAGAACGGCGGANN,NNTCCGCATGGCAGGGGTTCAAATCC  ,,,,,Asp,GAT,ATC,,GGGCAGAACGGCGGANNATCNNTCCGCATGGCAGGGGTTCAAATCC  ,,,,,GGAGAAGCACTGGACGCC,GGTCAGGGTGGTGAC,,,,,,,,,,,,
11,GGCAGAACGG,c,g,g,a,n,n,t,a,t,n,n,t,c,c,g,CATGGCAGG,GGGCAGAACGGCGGANN,NNTCCGCATGGCAGGGGTTCAAATCC  ,,,,,His,CAT,ATG,,GGGCAGAACGGCGGANNATGNNTCCGCATGGCAGGGGTTCAAATCC  ,,,,,GGAGAAGCACTGGACGCC,GGTCAGGGTGGTGAC,,,,,,,,,,,,
12,GGCAGAACGG,c,g,g,a,n,n,c,a,t,n,n,t,c,c,g,CATGGCAGG,GGGCAGAACGGCGGANN,NNTCCGCATGGCAGGGGTTCAAATCC  ,,,,,Thr,ACT,AGT,,GGGCAGAACGGCGGANNAGTNNTCCGCATGGCAGGGGTTCAAATCC  ,,,,,GGAGAAGCACTGGACGCC,GGTCAGGGTGGTGAC,,,,,,,,,,,,
13,GGCAGAACGG,c,g,g,a,n,n,a,a,t,n,n,t,c,c,g,CATGGCAGG,GGGCAGAACGGCGGANN,NNTCCGCATGGCAGGGGTTCAAATCC  ,,,,,Phe,TTT,AAA,,GGGCAGAACGGCGGANNAAANNTCCGCATGGCAGGGGTTCAAATCC  ,,,,,GGAGAAGCACTGGACGCC,GGTCAGGGTGGTGAC,,,,,,,,,,,,
14,GGCAGAACGG,c,g,g,a,n,n,a,a,g,n,n,t,c,c,g,CATGGCAGG,GGGCAGAACGGCGGANN,NNTCCGCATGGCAGGGGTTCAAATCC  ,,,,,Ser,AGT,ACT,,GGGCAGAACGGCGGANNACTNNTCCGCATGGCAGGGGTTCAAATCC  ,,,,,GGAGAAGCACTGGACGCC,GGTCAGGGTGGTGAC,,,,,,,,,,,,
15,GGCAGAACGG,c,g,g,a,n,n,g,a,t,n,n,t,c,c,g,CATGGCAGG,GGGCAGAACGGCGGANN,NNTCCGCATGGCAGGGGTTCAAATCC  ,,,,,Ile,ATT,AAT,,GGGCAGAACGGCGGANNAATNNTCCGCATGGCAGGGGTTCAAATCC  ,,,,,GGAGAAGCACTGGACGCC,GGTCAGGGTGGTGAC,,,,,,,,,,,,
16,GGCAGAACGG,c,g,g,a,n,n,g,a,g,n,n,t,c,c,g,CATGGCAGG,GGGCAGAACGGCGGANN,NNTCCGCATGGCAGGGGTTCAAATCC  ,,,,,Ala,GCT,AGC,,GGGCAGAACGGCGGANNAGCNNTCCGCATGGCAGGGGTTCAAATCC  ,,,,,GGAGAAGCACTGGACGCC,GGTCAGGGTGGTGAC,,,,,,,,,,,,
17,GGCAGAACGG,c,g,g,a,n,n,t,g,t,n,n,t,c,c,g,CATGGCAGG,GGGCAGAACGGCGGANN,NNTCCGCATGGCAGGGGTTCAAATCC  ,,,,,Ala,GCG,CGC,,GGGCAGAACGGCGGANNCGCNNTCCGCATGGCAGGGGTTCAAATCC  ,,,,,GGAGAAGCACTGGACGCC,GGTCAGGGTGGTGAC,,,,,,,,,,,,
18,GGCAGAACGG,c,g,g,a,n,n,c,g,c,n,n,t,c,c,g,CATGGCAGG,GGGCAGAACGGCGGANN,NNTCCGCATGGCAGGGGTTCAAATCC  ,,,,,Gly,GGT,ACC,,GGGCAGAACGGCGGANNACCNNTCCGCATGGCAGGGGTTCAAATCC  ,,,,,GGAGAAGCACTGGACGCC,GGTCAGGGTGGTGAC,,,,,,,,,,,,
19,GGCAGAACGG,c,g,g,a,n,n,c,g,a,n,n,t,c,c,g,CATGGCAGG,GGGCAGAACGGCGGANN,NNTCCGCATGGCAGGGGTTCAAATCC  ,,,,,Val,GTT,AAC,,GGGCAGAACGGCGGANNAACNNTCCGCATGGCAGGGGTTCAAATCC  ,,,,,GGAGAAGCACTGGACGCC,GGTCAGGGTGGTGAC,,,,,,,,,,,,
20,GGCAGAACGG,c,g,g,a,n,n,a,g,t,n,n,t,c,c,g,CATGGCAGG,GGGCAGAACGGCGGANN,NNTCCGCATGGCAGGGGTTCAAATCC  ,,,,,Val,GTG,CAC,,GGGCAGAACGGCGGANNCACNNTCCGCATGGCAGGGGTTCAAATCC  ,,,,,GGAGAAGCACTGGACGCC,GGTCAGGGTGGTGAC,,,,,,,,,,,,
21,GGCAGAACGG,c,g,g,a,n,n,g,g,t,n,n,t,c,c,g,CATGGCAGG,GGGCAGAACGGCGGANN,NNTCCGCATGGCAGGGGTTCAAATCC  ,,,,,Leu,CTT,AAG,,GGGCAGAACGGCGGANNAAGNNTCCGCATGGCAGGGGTTCAAATCC  ,,,,,GGAGAAGCACTGGACGCC,GGTCAGGGTGGTGAC,,,,,,,,,,,,
,,,,,,,,,,,,,,,,,,,,,,,,,,,,,,,,,,,,,,,,,,,,,,
,,,,,,,,,,,,,,,,,,,,,,,,,,,Primer Code,GFP correction Primer,,,,,,,,,,,,,,,,,,
,,,,,,,,,,,,,,,,,,,,,,,,,,,JA,GGAGAAGCACTGGACGCCATTGGTCAGGGTGGTGAC,,,,,,,,,,,,,,,,,,
,,,,,,,,,,,,,,,,,,,,,,,,,,,JB,GGAGAAGCACTGGACGCCCTCGGTCAGGGTGGTGAC,,,,,,,,,,,,,,,,,,
,,,,,,,,,,,,,,,,,,,,,,,,,,,JC,GGAGAAGCACTGGACGCCTCGGGTCAGGGTGGTGAC,,,,,,,,,,,,,,,,,,
,,,,,,,,,,,,,,,,,,,,,,,,,,,JD,GGAGAAGCACTGGACGCCAGAGGTCAGGGTGGTGAC,,,,,,,,,,,,,,,,,,
,,,,,,,,,,,,,,,,,,,,,,,,,,,JE,GGAGAAGCACTGGACGCCACAGGTCAGGGTGGTGAC,,,,,,,,,,,,,,,,,,
,,,,,,,,,,,,,,,,,,,,,,,,,,,JF,GGAGAAGCACTGGACGCCAGGGGTCAGGGTGGTGAC,,,,,,,,,,,,,,,,,,
,,,,,,,,,,,,,,,,,,,,,,,,,,,,GGAGAAGCACTGGACGCCGCGGGTCAGGGTGGTGAC,,,,,,,,,,,,,,,,,,
,,,,,,,,,,,,,,,,,,,,,,,,,,,,GGAGAAGCACTGGACGCCATAGGTCAGGGTGGTGAC,,,,,,,,,,,,,,,,,,
,,,,,,,,,,,,,,,,,,,,,,,,,,,,GGAGAAGCACTGGACGCCCTTGGTCAGGGTGGTGAC,,,,,,,,,,,,,,,,,,
,,,,,,,,,,,,,,,,,,,,,,,,,,,,GGAGAAGCACTGGACGCCATCGGTCAGGGTGGTGAC,,,,,,,,,,,,,,,,,,
,,,,,,,,,,,,,,,,,,,,,,,,,,,,GGAGAAGCACTGGACGCCATGGGTCAGGGTGGTGAC,,,,,,,,,,,,,,,,,,
,,,,,,,,,,,,,,,,,,,,,,,,,,,,GGAGAAGCACTGGACGCCAGTGGTCAGGGTGGTGAC,,,,,,,,,,,,,,,,,,
,,,,,,,,,,,,,,,,,,,,,,,,,,,,GGAGAAGCACTGGACGCCAAAGGTCAGGGTGGTGAC,,,,,,,,,,,,,,,,,,
,,,,,,,,,,,,,,,,,,,,,,,,,,,,GGAGAAGCACTGGACGCCACTGGTCAGGGTGGTGAC,,,,,,,,,,,,,,,,,,
,,,,,,,,,,,,,,,,,,,,,,,,,,,,GGAGAAGCACTGGACGCCAATGGTCAGGGTGGTGAC,,,,,,,,,,,,,,,,,,
,,,,,,,,,,,,,,,,,,,,,,,,,,,,GGAGAAGCACTGGACGCCAGCGGTCAGGGTGGTGAC,,,,,,,,,,,,,,,,,,
,,,,,,,,,,,,,,,,,,,,,,,,,,,,GGAGAAGCACTGGACGCCCGCGGTCAGGGTGGTGAC,,,,,,,,,,,,,,,,,,
,,,,,,,,,,,,,,,,,,,,,,,,,,,,GGAGAAGCACTGGACGCCACCGGTCAGGGTGGTGAC,,,,,,,,,,,,,,,,,,
,,,,,,,,,,,,,,,,,,,,,,,,,,,,GGAGAAGCACTGGACGCCAACGGTCAGGGTGGTGAC,,,,,,,,,,,,,,,,,,
,,,,,,,,,,,,,,,,,,,,,,,,,,,,GGAGAAGCACTGGACGCCCACGGTCAGGGTGGTGAC,,,,,,,,,,,,,,,,,,
,,,,,,,,,,,,,,,,,,,,,,,,,,,,GGAGAAGCACTGGACGCCAAGGGTCAGGGTGGTGAC,,,,,,,,,,,,,,,,,,
,,,,,,,,,,,,,,,,,,,,,,,,,,,,,,,,,,,,,,,,,,,,,,
,,,,,,,,,,,,,,,,,,,,,,,,,,,,,,,,,,,,,,,,,,,,,,
,,,,,,,,,,,,,,,,,,,,,,,,,,,,,,,,,,,,,,,,,,,,,,
,,,,,,,,,,,,,,,,,,,,,,,,,,,,,,,,,,,,,,,,,,,,,,
,,,,,,,,,,,,,,,,,,,,,,,,,,,,,,,,,,,,,,,,,,,,,,
,,,,,,,,,,,,,,,,,,,,,,,,,,,,,,,,,,,,,,,,,,,,,,
,,,,,,,,,,,,,,,,,,,,,,,,,,,,,,,,,,,,,,,,,,,,,,
,,,,,,,,,,,,,,,,,,,,,,,,,,,,,,,,,,,,,,,,,,,,,,
,,,,,,,,,,,,,,,,,,,,,,,,,,,,,,,,,,,,,,,,,,,,,,
,,,,,,,,,,,,,,,,,,,,,,,,,,,,,,,,,,,,,,,,,,,,,,
,,,,,,,,,,,,,,,,,,,,,,,,,,,,,,,,,,,,,,,,,,,,,,
,,,,,,,,,,,,,,,,,,,,,,,,,,,,,,,,,,,,,,,,,,,,,,
,,,,,,,,,,,,,,,,,,,,,,,,,,,,,,,,,,,,,,,,,,,,,,
,,,,,,,,,,,,,,,,,,,,,,,,,,,,,,,,,,,,,,,,,,,,,,
,,,,,,,,,,,,,,,,,,,,,,,,,,,,,,,,,,,,,,,,,,,,,,
,tRNA lib primers,,,,,,,,,,,,,,,,,,,,,,,,,,,,,,,,,,,,,,,,,,,,,
IU,G,G,G,C,A,G,A,A,C,G,G,C,G,G,A,N,N,A,T,T,N,N,T,C,C,G,C,A,T,G,G,C,A,G,G,G,G,T,T,C,A,A,A,T,C,C
IV,G,G,G,C,A,G,A,A,C,G,G,C,G,G,A,N,N,C,T,C,N,N,T,C,C,G,C,A,T,G,G,C,A,G,G,G,G,T,T,C,A,A,A,T,C,C
IW,G,G,G,C,A,G,A,A,C,G,G,C,G,G,A,N,N,T,C,G,N,N,T,C,C,G,C,A,T,G,G,C,A,G,G,G,G,T,T,C,A,A,A,T,C,C
IX,G,G,G,C,A,G,A,A,C,G,G,C,G,G,A,N,N,A,G,A,N,N,T,C,C,G,C,A,T,G,G,C,A,G,G,G,G,T,T,C,A,A,A,T,C,C
IY,G,G,G,C,A,G,A,A,C,G,G,C,G,G,A,N,N,A,C,A,N,N,T,C,C,G,C,A,T,G,G,C,A,G,G,G,G,T,T,C,A,A,A,T,C,C
IZ,G,G,G,C,A,G,A,A,C,G,G,C,G,G,A,N,N,A,G,G,N,N,T,C,C,G,C,A,T,G,G,C,A,G,G,G,G,T,T,C,A,A,A,T,C,C
JG,G,G,G,C,A,G,A,A,C,G,G,C,G,G,A,N,N,G,C,G,N,N,T,C,C,G,C,A,T,G,G,C,A,G,G,G,G,T,T,C,A,A,A,T,C,C
JH,G,G,G,C,A,G,A,A,C,G,G,C,G,G,A,N,N,A,T,A,N,N,T,C,C,G,C,A,T,G,G,C,A,G,G,G,G,T,T,C,A,A,A,T,C,C
JI,G,G,G,C,A,G,A,A,C,G,G,C,G,G,A,N,N,C,T,T,N,N,T,C,C,G,C,A,T,G,G,C,A,G,G,G,G,T,T,C,A,A,A,T,C,C
JJ,G,G,G,C,A,G,A,A,C,G,G,C,G,G,A,N,N,A,T,C,N,N,T,C,C,G,C,A,T,G,G,C,A,G,G,G,G,T,T,C,A,A,A,T,C,C
JK,G,G,G,C,A,G,A,A,C,G,G,C,G,G,A,N,N,A,T,G,N,N,T,C,C,G,C,A,T,G,G,C,A,G,G,G,G,T,T,C,A,A,A,T,C,C
JL,G,G,G,C,A,G,A,A,C,G,G,C,G,G,A,N,N,A,G,T,N,N,T,C,C,G,C,A,T,G,G,C,A,G,G,G,G,T,T,C,A,A,A,T,C,C
JS,G,G,G,C,A,G,A,A,C,G,G,C,G,G,A,N,N,A,A,A,N,N,T,C,C,G,C,A,T,G,G,C,A,G,G,G,G,T,T,C,A,A,A,T,C,C
JT,G,G,G,C,A,G,A,A,C,G,G,C,G,G,A,N,N,A,C,T,N,N,T,C,C,G,C,A,T,G,G,C,A,G,G,G,G,T,T,C,A,A,A,T,C,C
JU,G,G,G,C,A,G,A,A,C,G,G,C,G,G,A,N,N,A,A,T,N,N,T,C,C,G,C,A,T,G,G,C,A,G,G,G,G,T,T,C,A,A,A,T,C,C
JV,G,G,G,C,A,G,A,A,C,G,G,C,G,G,A,N,N,A,G,C,N,N,T,C,C,G,C,A,T,G,G,C,A,G,G,G,G,T,T,C,A,A,A,T,C,C
JW,G,G,G,C,A,G,A,A,C,G,G,C,G,G,A,N,N,C,G,C,N,N,T,C,C,G,C,A,T,G,G,C,A,G,G,G,G,T,T,C,A,A,A,T,C,C
JX,G,G,G,C,A,G,A,A,C,G,G,C,G,G,A,N,N,A,C,C,N,N,T,C,C,G,C,A,T,G,G,C,A,G,G,G,G,T,T,C,A,A,A,T,C,C
KE,G,G,G,C,A,G,A,A,C,G,G,C,G,G,A,N,N,A,A,C,N,N,T,C,C,G,C,A,T,G,G,C,A,G,G,G,G,T,T,C,A,A,A,T,C,C
KF,G,G,G,C,A,G,A,A,C,G,G,C,G,G,A,N,N,C,A,C,N,N,T,C,C,G,C,A,T,G,G,C,A,G,G,G,G,T,T,C,A,A,A,T,C,C
KG,G,G,G,C,A,G,A,A,C,G,G,C,G,G,A,N,N,A,A,G,N,N,T,C,C,G,C,A,T,G,G,C,A,G,G,G,G,T,T,C,A,A,A,T,C,C
,GFP correction Primers,,,,,,,,,,,,,,,,,,,,,,,,,,,,,,,,,,,,,,,,,,,,,
JA,G,G,A,G,A,A,G,C,A,C,T,G,G,A,C,G,C,C,A,T,T,G,G,T,C,A,G,G,G,T,G,G,T,G,A,C,,,,,,,,,,
JB,G,G,A,G,A,A,G,C,A,C,T,G,G,A,C,G,C,C,C,T,C,G,G,T,C,A,G,G,G,T,G,G,T,G,A,C,,,,,,,,,,
JC,G,G,A,G,A,A,G,C,A,C,T,G,G,A,C,G,C,C,T,C,G,G,G,T,C,A,G,G,G,T,G,G,T,G,A,C,,,,,,,,,,
JD,G,G,A,G,A,A,G,C,A,C,T,G,G,A,C,G,C,C,A,G,A,G,G,T,C,A,G,G,G,T,G,G,T,G,A,C,,,,,,,,,,
JE,G,G,A,G,A,A,G,C,A,C,T,G,G,A,C,G,C,C,A,C,A,G,G,T,C,A,G,G,G,T,G,G,T,G,A,C,,,,,,,,,,
JF,G,G,A,G,A,A,G,C,A,C,T,G,G,A,C,G,C,C,A,G,G,G,G,T,C,A,G,G,G,T,G,G,T,G,A,C,,,,,,,,,,
JM,G,G,A,G,A,A,G,C,A,C,T,G,G,A,C,G,C,C,G,C,G,G,G,T,C,A,G,G,G,T,G,G,T,G,A,C,,,,,,,,,,
JN,G,G,A,G,A,A,G,C,A,C,T,G,G,A,C,G,C,C,A,T,A,G,G,T,C,A,G,G,G,T,G,G,T,G,A,C,,,,,,,,,,
JO,G,G,A,G,A,A,G,C,A,C,T,G,G,A,C,G,C,C,C,T,T,G,G,T,C,A,G,G,G,T,G,G,T,G,A,C,,,,,,,,,,
JP,G,G,A,G,A,A,G,C,A,C,T,G,G,A,C,G,C,C,A,T,C,G,G,T,C,A,G,G,G,T,G,G,T,G,A,C,,,,,,,,,,
JQ,G,G,A,G,A,A,G,C,A,C,T,G,G,A,C,G,C,C,A,T,G,G,G,T,C,A,G,G,G,T,G,G,T,G,A,C,,,,,,,,,,
JR,G,G,A,G,A,A,G,C,A,C,T,G,G,A,C,G,C,C,A,G,T,G,G,T,C,A,G,G,G,T,G,G,T,G,A,C,,,,,,,,,,
JY,G,G,A,G,A,A,G,C,A,C,T,G,G,A,C,G,C,C,A,A,A,G,G,T,C,A,G,G,G,T,G,G,T,G,A,C,,,,,,,,,,
JZ,G,G,A,G,A,A,G,C,A,C,T,G,G,A,C,G,C,C,A,C,T,G,G,T,C,A,G,G,G,T,G,G,T,G,A,C,,,,,,,,,,
KA,G,G,A,G,A,A,G,C,A,C,T,G,G,A,C,G,C,C,A,A,T,G,G,T,C,A,G,G,G,T,G,G,T,G,A,C,,,,,,,,,,
KB,G,G,A,G,A,A,G,C,A,C,T,G,G,A,C,G,C,C,A,G,C,G,G,T,C,A,G,G,G,T,G,G,T,G,A,C,,,,,,,,,,
KC,G,G,A,G,A,A,G,C,A,C,T,G,G,A,C,G,C,C,C,G,C,G,G,T,C,A,G,G,G,T,G,G,T,G,A,C,,,,,,,,,,
KD,G,G,A,G,A,A,G,C,A,C,T,G,G,A,C,G,C,C,A,C,C,G,G,T,C,A,G,G,G,T,G,G,T,G,A,C,,,,,,,,,,
KH,G,G,A,G,A,A,G,C,A,C,T,G,G,A,C,G,C,C,A,A,C,G,G,T,C,A,G,G,G,T,G,G,T,G,A,C,,,,,,,,,,
KI,G,G,A,G,A,A,G,C,A,C,T,G,G,A,C,G,C,C,C,A,C,G,G,T,C,A,G,G,G,T,G,G,T,G,A,C,,,,,,,,,,
KJ,G,G,A,G,A,A,G,C,A,C,T,G,G,A,C,G,C,C,A,A,G,G,G,T,C,A,G,G,G,T,G,G,T,G,A,C,,,,,,,,,,
,,,,,,,,,,,,,,,,,,,,,,,,,,,,,,,,,,,,,,,,,,,,,,
