Primer,,,,,,,,,,,,,,,,,,,,,,
,,,,,,,,,,,,,,,,,,,,,,
1,C,g,a,a,t,g,g,a,n,n,t,t,t,n,n,t,c,c,g,t,,Cgaatgganntttnntccgt
2,C,g,a,a,t,g,g,a,n,n,c,t,t,n,n,t,c,c,g,t,,
3,C,g,a,a,t,g,g,a,n,n,a,t,t,n,n,t,c,c,g,t,,
4,C,g,a,a,t,g,g,a,n,n,g,t,t,n,n,t,c,c,g,t,,
5,C,g,a,a,t,g,g,a,n,n,g,t,g,n,n,t,c,c,g,t,,
6,C,g,a,a,t,g,g,a,n,n,t,c,t,n,n,t,c,c,g,t,,
7,C,g,a,a,t,g,g,a,n,n,c,c,t,n,n,t,c,c,g,t,,
8,C,g,a,a,t,g,g,a,n,n,a,c,t,n,n,t,c,c,g,t,,
9,C,g,a,a,t,g,g,a,n,n,g,c,t,n,n,t,c,c,g,t,,
10,C,g,a,a,t,g,g,a,n,n,g,c,g,n,n,t,c,c,g,t,,
11,C,g,a,a,t,g,g,a,n,n,t,a,t,n,n,t,c,c,g,t,,
12,C,g,a,a,t,g,g,a,n,n,c,a,t,n,n,t,c,c,g,t,,
13,C,g,a,a,t,g,g,a,n,n,a,a,t,n,n,t,c,c,g,t,,
14,C,g,a,a,t,g,g,a,n,n,a,a,g,n,n,t,c,c,g,t,,
15,C,g,a,a,t,g,g,a,n,n,g,a,t,n,n,t,c,c,g,t,,
16,C,g,a,a,t,g,g,a,n,n,g,a,g,n,n,t,c,c,g,t,,
17,C,g,a,a,t,g,g,a,n,n,t,g,t,n,n,t,c,c,g,t,,
18,C,g,a,a,t,g,g,a,n,n,c,g,c,n,n,t,c,c,g,t,,
19,C,g,a,a,t,g,g,a,n,n,c,g,a,n,n,t,c,c,g,t,,
20,C,g,a,a,t,g,g,a,n,n,a,g,t,n,n,t,c,c,g,t,,
21,C,g,a,a,t,g,g,a,n,n,g,g,t,n,n,t,c,c,g,t,,
