Primer,,,,,,,,,,,,,,,
1,c,g,g,a,n,n,t,t,t,n,n,t,c,c,g
2,c,g,g,a,n,n,c,t,t,n,n,t,c,c,g
3,c,g,g,a,n,n,a,t,t,n,n,t,c,c,g
4,c,g,g,a,n,n,g,t,t,n,n,t,c,c,g
5,c,g,g,a,n,n,g,t,g,n,n,t,c,c,g
6,c,g,g,a,n,n,t,c,t,n,n,t,c,c,g
7,c,g,g,a,n,n,c,c,t,n,n,t,c,c,g
8,c,g,g,a,n,n,a,c,t,n,n,t,c,c,g
9,c,g,g,a,n,n,g,c,t,n,n,t,c,c,g
10,c,g,g,a,n,n,g,c,g,n,n,t,c,c,g
11,c,g,g,a,n,n,t,a,t,n,n,t,c,c,g
12,c,g,g,a,n,n,c,a,t,n,n,t,c,c,g
13,c,g,g,a,n,n,a,a,t,n,n,t,c,c,g
14,c,g,g,a,n,n,a,a,g,n,n,t,c,c,g
15,c,g,g,a,n,n,g,a,t,n,n,t,c,c,g
16,c,g,g,a,n,n,g,a,g,n,n,t,c,c,g
17,c,g,g,a,n,n,t,g,t,n,n,t,c,c,g
18,c,g,g,a,n,n,c,g,c,n,n,t,c,c,g
19,c,g,g,a,n,n,c,g,a,n,n,t,c,c,g
20,c,g,g,a,n,n,a,g,t,n,n,t,c,c,g
21,c,g,g,a,n,n,g,g,t,n,n,t,c,c,g
